{"target": 0.9041218181910373, "params": {"com_0_tau1": 0.24528720992958886, "com_0_tau2": 0.8042505764455302, "com_10_tau1": 0.17448412158708682, "com_10_tau2": 0.9695213209218735, "com_11_tau1": 0.22548545439950773, "com_11_tau2": 0.869217625368181, "com_12_tau1": 0.281465958012288, "com_12_tau2": 0.7254196252948499, "com_13_tau1": 0.752380128410048, "com_13_tau2": 0.24667112726787288, "com_14_tau1": 0.7717645064929937, "com_14_tau2": 0.08567923966527746, "com_15_tau1": 0.8914075130741538, "com_15_tau2": 0.2180401351326483, "com_16_tau1": 0.934470253904098, "com_16_tau2": 0.09058574851832824, "com_17_tau1": 0.8072695411468391, "com_17_tau2": 0.38966808905621275, "com_18_tau1": 0.9439944857559865, "com_18_tau2": 0.016884923430910637, "com_19_tau1": 0.5415513123688164, "com_19_tau2": 0.29167611672064164, "com_1_tau1": 0.8591833762312069, "com_1_tau2": 0.5044633781390975, "com_20_tau1": 0.7191117534938422, "com_20_tau2": 0.3114473745012907, "com_21_tau1": 0.2655991131934249, "com_21_tau2": 0.18400367335427326, "com_22_tau1": 0.3194563897889152, "com_22_tau2": 0.7261416494988873, "com_2_tau1": 0.907707178267878, "com_2_tau2": 0.46944103924052183, "com_3_tau1": 0.11129082581208505, "com_3_tau2": 0.26455320492114265, "com_4_tau1": 0.6815768024056006, "com_4_tau2": 0.9917406595818447, "com_5_tau1": 0.06413307996568307, "com_5_tau2": 0.4755451782274591, "com_6_tau1": 0.16227924930941684, "com_6_tau2": 0.7012211866802729, "com_7_tau1": 0.8127486651385314, "com_7_tau2": 0.6304149212885874, "com_8_tau1": 0.29351191945255783, "com_8_tau2": 0.6877478545537262, "com_9_tau1": 0.20862209953256627, "com_9_tau2": 0.3699402081011135}, "datetime": {"datetime": "2024-08-15 02:05:26", "elapsed": 0.0, "delta": 0.0}}
{"target": 0.8976010831329948, "params": {"com_0_tau1": 0.6167266383369177, "com_0_tau2": 0.8313052635910486, "com_10_tau1": 0.3541117956497588, "com_10_tau2": 0.5717312147698916, "com_11_tau1": 0.21187535821005843, "com_11_tau2": 0.9685939668255538, "com_12_tau1": 0.2930149003565712, "com_12_tau2": 0.21570224990580356, "com_13_tau1": 0.7185549868499043, "com_13_tau2": 0.501397773152054, "com_14_tau1": 0.14749973409237027, "com_14_tau2": 0.24900076268763338, "com_15_tau1": 0.6954644995550054, "com_15_tau2": 0.8946941845014155, "com_16_tau1": 0.8071916736216121, "com_16_tau2": 0.08402489614264008, "com_17_tau1": 0.8658654760811613, "com_17_tau2": 0.2620801398521583, "com_18_tau1": 0.914138997242986, "com_18_tau2": 0.22242408127135205, "com_19_tau1": 0.41475107658710064, "com_19_tau2": 0.5782515845021885, "com_1_tau1": 0.6326871266407174, "com_1_tau2": 0.2106690825710087, "com_20_tau1": 0.048635602843663084, "com_20_tau2": 0.6176642399907495, "com_21_tau1": 0.3211409744865098, "com_21_tau2": 0.027440192266787622, "com_22_tau1": 0.5395761376601186, "com_22_tau2": 0.33509694503053733, "com_2_tau1": 0.9047877760431621, "com_2_tau2": 0.4997974873114288, "com_3_tau1": 0.9670920448142561, "com_3_tau2": 0.007803239451635968, "com_4_tau1": 0.5711563319009255, "com_4_tau2": 0.35385624201154164, "com_5_tau1": 0.3243509322944945, "com_5_tau2": 0.7974697217043982, "com_6_tau1": 0.33470518811956773, "com_6_tau2": 0.3018071032656998, "com_7_tau1": 0.5996760994003392, "com_7_tau2": 0.21136012923294478, "com_8_tau1": 0.7441302844675353, "com_8_tau2": 0.5129375317629759, "com_9_tau1": 0.45548018936585877, "com_9_tau2": 0.37915669959362674}, "datetime": {"datetime": "2024-08-15 02:07:24", "elapsed": 117.62036, "delta": 117.62036}}
{"target": 0.9225862662572667, "params": {"com_0_tau1": 0.9932992256109012, "com_0_tau2": 0.05555559722675474, "com_10_tau1": 0.7086861279422054, "com_10_tau2": 0.9720322941228187, "com_11_tau1": 0.05800596734770902, "com_11_tau2": 0.30419041745913367, "com_12_tau1": 0.44291768301378165, "com_12_tau2": 0.9381036870392706, "com_13_tau1": 0.9703162193715291, "com_13_tau2": 0.8197145009981698, "com_14_tau1": 0.12277936196180816, "com_14_tau2": 0.5201617227024864, "com_15_tau1": 0.1814663493986881, "com_15_tau2": 0.5317806785712809, "com_16_tau1": 0.22761450657923143, "com_16_tau2": 0.09269232727154031, "com_17_tau1": 0.9263647485958038, "com_17_tau2": 0.6415602871109054, "com_18_tau1": 0.39365544970826793, "com_18_tau2": 0.5603063547858789, "com_19_tau1": 0.36101085691360235, "com_19_tau2": 0.6577281853080132, "com_1_tau1": 0.1467437108282854, "com_1_tau2": 0.9655825144201174, "com_20_tau1": 0.9553741506336632, "com_20_tau2": 0.3243923156471925, "com_21_tau1": 0.8017659260138839, "com_21_tau2": 0.8385478039764321, "com_22_tau1": 0.16348045401092082, "com_22_tau2": 0.21243826021639656, "com_2_tau1": 0.7774730189003779, "com_2_tau2": 0.8167593276377842, "com_3_tau1": 0.8673625794091255, "com_3_tau2": 0.37185771077115015, "com_4_tau1": 0.055077756637325836, "com_4_tau2": 0.8135762272418353, "com_5_tau1": 0.17233359869070775, "com_5_tau2": 0.06463124908935547, "com_6_tau1": 0.6391219578067817, "com_6_tau2": 0.9194402705805139, "com_7_tau1": 0.31035471097124645, "com_7_tau2": 0.1393396010067809, "com_8_tau1": 0.8907455479463665, "com_8_tau2": 0.5638970634680678, "com_9_tau1": 0.789776319785405, "com_9_tau2": 0.9632580396936297}, "datetime": {"datetime": "2024-08-15 02:09:14", "elapsed": 227.792492, "delta": 110.172132}}
