component_name,total,good,shift,broke,overkill0,leakage0,overkill1,leakage1,overkill2,leakage2,overkill3,leakage3,overkill4,leakage4,overkill5,leakage5,unknown,overkill0_rate,leakage0_rate,overkill1_rate,leakage1_rate,overkill2_rate,leakage2_rate,overkill3_rate,leakage3_rate,overkill4_rate,leakage4_rate,overkill5_rate,leakage5_rate,unknown_rate
1.0,13065,10932,1087.0,1046.0,10,1,0,0,1,0,0,0,0,8,0,2,0,0.07654%,0.00765%,0.0%,0.0%,0.00765%,0.0%,0.0%,0.0%,0.0%,0.06123%,0.0%,0.01531%,
6.0,3702,3444,118.0,140.0,0,188,0,0,65,0,0,0,123,0,0,0,0,0.0%,5.07834%,0.0%,0.0%,1.75581%,0.0%,0.0%,0.0%,3.32253%,0.0%,0.0%,0.0%,
16.0,1257,1149,68.0,40.0,2,34,0,0,11,1,0,0,23,1,0,0,0,0.15911%,2.70485%,0.0%,0.0%,0.8751%,0.07955%,0.0%,0.0%,1.82975%,0.07955%,0.0%,0.0%,
5.0,630,605,9.0,16.0,0,15,0,0,8,0,0,0,8,1,0,0,0,0.0%,2.38095%,0.0%,0.0%,1.26984%,0.0%,0.0%,0.0%,1.26984%,0.15873%,0.0%,0.0%,
11.0,609,528,37.0,44.0,0,60,0,0,25,9,0,0,44,0,0,0,0,0.0%,9.85222%,0.0%,0.0%,4.10509%,1.47783%,0.0%,0.0%,7.22496%,0.0%,0.0%,0.0%,
17.0,464,421,34.0,9.0,0,0,0,0,0,0,0,0,0,0,0,0,0,0.0%,0.0%,0.0%,0.0%,0.0%,0.0%,0.0%,0.0%,0.0%,0.0%,0.0%,0.0%,
3.0,305,279,13.0,13.0,0,0,0,0,1,0,0,0,0,1,0,0,0,0.0%,0.0%,0.0%,0.0%,0.32787%,0.0%,0.0%,0.0%,0.0%,0.32787%,0.0%,0.0%,
10.0,168,104,44.0,20.0,0,0,0,0,0,0,0,0,0,0,0,0,0,0.0%,0.0%,0.0%,0.0%,0.0%,0.0%,0.0%,0.0%,0.0%,0.0%,0.0%,0.0%,
,20200,17462,,,12,298,0,0,111,10,0,0,198,11,0,2,0,0.05941%,1.47525%,0.0%,0.0%,0.5495%,0.0495%,0.0%,0.0%,0.9802%,0.05446%,0.0%,0.0099%,0.0%
