{"val": {"closed_attr_match": 0.21708253026008606, "closed_obj_match": 0.5240882635116577, "closed_match": 0.12044145911931992, "closed_seen_match": 0.0, "closed_unseen_match": 0.14633862674236298, "closed_ca": 2.0, "closed_seen_ca": 1.0, "closed_unseen_ca": 1.0, "closed_ub_attr_match": 0.2551823556423187, "closed_ub_obj_match": 0.5310940742492676, "closed_ub_match": 0.1441458761692047, "closed_ub_seen_match": 0.24240781366825104, "closed_ub_unseen_match": 0.12301772087812424, "closed_ub_ca": 2.0, "closed_ub_seen_ca": 1.0, "closed_ub_unseen_ca": 1.0, "biasterm": -0.2813499867916107, "best_unseen": 0.14633862674236298, "best_seen": 0.4761388301849365, "AUC": 0.05375201007525166, "hm_unseen": 0.11485540866851807, "hm_seen": 0.28145337104797363, "best_hm": 0.1631376522920966, "attr_acc_simple_voting_acc_123": 0.2837811900191939, "attr_acc_simple_voting_acc_12": 0.30470249520153553, "attr_acc_simple_voting_acc_13": 0.2837811900191939, "attr_acc_simple_voting_acc_23": 0.2837811900191939, "attr_acc_weighted_voting_acc_123": 0.2837811900191939, "attr_acc_weighted_voting_acc_12": 0.30470249520153553, "attr_acc_weighted_voting_acc_13": 0.27236084452975046, "attr_acc_weighted_voting_acc_23": 0.2837811900191939, "attr_acc_uce_ep1": 0.11966096609830856, "attr_acc_uce_ep2": 0.3673796057701111, "attr_acc_uce_ep3": 0.4132634997367859, "FDR_expert1": 0.6389157470442498, "FDR_expert2": 0.6568565673341823, "FDR_expert3": 0.6843169257225725, "FOR_expert1": 0.010958820639363431, "FOR_expert2": 0.010554127558834586, "FOR_expert3": 0.011152080541664984, "attr_acc_f1_expert1": 0.18534064330715858, "attr_acc_f1_expert2": 0.23685706195322878, "attr_acc_f1_expert3": 0.23102858109389743, "attr_acc_POE_acc_123": 0.2926103646833013, "attr_acc_POE_acc_12": 0.33339731285988483, "attr_acc_POE_acc_13": 0.2875239923224568, "attr_acc_POE_acc_23": 0.285700575815739, "attr_acc_SOE_acc_123": 0.3317658349328215, "attr_acc_SOE_acc_12": 0.3291746641074856, "attr_acc_SOE_acc_13": 0.3216890595009597, "attr_acc_SOE_acc_23": 0.2961612284069098, "attr_acc_table_acc_ep12": 0.31190019193857965, "attr_acc_table_acc_ep23": 0.3124760076775432, "attr_acc_table_acc_ep13": 0.31621880998080615, "attr_acc_tabel_acc_ep123": 0.3203454894433781, "MOM_acc": 0.3259117082533589, "ERV_SoP_acc": 0.0, "attr_acc_ep1_cor": 0.27236084452975046, "attr_acc_ep2_cor": 0.30470249520153553, "attr_acc_ep3_cor": 0.2837811900191939, "attr_acc": 0.2551823556423187, "obj_acc": 0.5310940742492676}, "test": {"closed_attr_match": 0.2193920761346817, "closed_obj_match": 0.5165833234786987, "closed_match": 0.13028088212013245, "closed_seen_match": 0.0, "closed_unseen_match": 0.15949128568172455, "closed_ca": 2.0, "closed_seen_ca": 1.0, "closed_unseen_ca": 1.0, "closed_ub_attr_match": 0.2559445798397064, "closed_ub_obj_match": 0.5212004780769348, "closed_ub_match": 0.15190458297729492, "closed_ub_seen_match": 0.23949579894542694, "closed_ub_unseen_match": 0.13226565718650818, "closed_ub_ca": 2.0, "closed_ub_seen_ca": 1.0, "closed_ub_unseen_ca": 1.0, "biasterm": -0.2188500016927719, "best_unseen": 0.15949128568172455, "best_seen": 0.48403361439704895, "AUC": 0.05917743564393535, "hm_unseen": 0.1264248639345169, "hm_seen": 0.2655462324619293, "best_hm": 0.1712965400559437, "attr_acc_simple_voting_acc_123": 0.26810311658330127, "attr_acc_simple_voting_acc_12": 0.29765294343978455, "attr_acc_simple_voting_acc_13": 0.26810311658330127, "attr_acc_simple_voting_acc_23": 0.26810311658330127, "attr_acc_weighted_voting_acc_123": 0.26810311658330127, "attr_acc_weighted_voting_acc_12": 0.29765294343978455, "attr_acc_weighted_voting_acc_13": 0.2749519045786841, "attr_acc_weighted_voting_acc_23": 0.26810311658330127, "attr_acc_uce_ep1": 0.11601530760526657, "attr_acc_uce_ep2": 0.3759039342403412, "attr_acc_uce_ep3": 0.42350003123283386, "FDR_expert1": 0.6548710808173495, "FDR_expert2": 0.6537849331521228, "FDR_expert3": 0.6943514877783898, "FOR_expert1": 0.011441013103648898, "FOR_expert2": 0.010808386510334838, "FOR_expert3": 0.011412999899989854, "attr_acc_f1_expert1": 0.19096578038409445, "attr_acc_f1_expert2": 0.2283688146195394, "attr_acc_f1_expert3": 0.21780104132744946, "attr_acc_POE_acc_123": 0.2667179684494036, "attr_acc_POE_acc_12": 0.32450942670257793, "attr_acc_POE_acc_13": 0.2634859561369758, "attr_acc_POE_acc_23": 0.2671796844940362, "attr_acc_SOE_acc_123": 0.32181608310888804, "attr_acc_SOE_acc_12": 0.3224317045017314, "attr_acc_SOE_acc_13": 0.31866102347056563, "attr_acc_SOE_acc_23": 0.2853405155829165, "attr_acc_table_acc_ep12": 0.3115813774528665, "attr_acc_table_acc_ep23": 0.30227010388611003, "attr_acc_table_acc_ep13": 0.3174297806848788, "attr_acc_tabel_acc_ep123": 0.31735282801077336, "MOM_acc": 0.3229703732204694, "ERV_SoP_acc": 0.32189303578299344, "attr_acc_ep1_cor": 0.2749519045786841, "attr_acc_ep2_cor": 0.29765294343978455, "attr_acc_ep3_cor": 0.26810311658330127, "attr_acc": 0.2559445798397064, "obj_acc": 0.5212004780769348}, "best_threshold": 0.4}