{"val": {"closed_attr_match": 0.49626633524894714, "closed_obj_match": 0.8357187509536743, "closed_match": 0.44057250022888184, "closed_seen_match": 0.0, "closed_unseen_match": 0.6059049963951111, "closed_ca": 2.0, "closed_seen_ca": 1.0, "closed_unseen_ca": 1.0, "closed_ub_attr_match": 0.41848164796829224, "closed_ub_obj_match": 0.8444306254386902, "closed_ub_match": 0.337274432182312, "closed_ub_seen_match": 0.6419612169265747, "closed_ub_unseen_match": 0.22293539345264435, "closed_ub_ca": 2.0, "closed_ub_seen_ca": 1.0, "closed_ub_unseen_ca": 1.0, "biasterm": 2.0155251026153564, "best_unseen": 0.6059049963951111, "best_seen": 0.6681870222091675, "AUC": 0.35761379663588605, "hm_unseen": 0.4779632091522217, "hm_seen": 0.557582676410675, "best_hm": 0.5147121129066456, "attr_acc_simple_voting_acc_123": 0.4131922837585563, "attr_acc_simple_voting_acc_12": 0.41848164281269445, "attr_acc_simple_voting_acc_13": 0.4131922837585563, "attr_acc_simple_voting_acc_23": 0.4131922837585563, "attr_acc_weighted_voting_acc_123": 0.4131922837585563, "attr_acc_weighted_voting_acc_12": 0.41848164281269445, "attr_acc_weighted_voting_acc_13": 0.38176726820161794, "attr_acc_weighted_voting_acc_23": 0.4131922837585563, "attr_acc_uce_ep1": 0.15798133611679077, "attr_acc_uce_ep2": 0.18590478599071503, "attr_acc_uce_ep3": 0.18618278205394745, "FDR_expert1": 0.44171120400982017, "FDR_expert2": 0.722699529931278, "FDR_expert3": 0.7173126766368343, "FOR_expert1": 0.11628648248599198, "FOR_expert2": 0.03463552223395043, "FOR_expert3": 0.03492936544407024, "attr_acc_f1_expert1": 0.2188017561430208, "attr_acc_f1_expert2": 0.2513649325090261, "attr_acc_f1_expert3": 0.23266244377889034, "attr_acc_POE_acc_123": 0.4150591163658992, "attr_acc_POE_acc_12": 0.40821406347230865, "attr_acc_POE_acc_13": 0.4075917859365277, "attr_acc_POE_acc_23": 0.4169259489732421, "attr_acc_SOE_acc_123": 0.41537025513378967, "attr_acc_SOE_acc_12": 0.40821406347230865, "attr_acc_SOE_acc_13": 0.40945861854387056, "attr_acc_SOE_acc_23": 0.4169259489732421, "attr_acc_table_acc_ep12": 0.41910392034847543, "attr_acc_table_acc_ep23": 0.4187927815805849, "attr_acc_table_acc_ep13": 0.418170504044804, "attr_acc_tabel_acc_ep123": 0.4222153080273802, "MOM_acc": 0.42034847542003734, "ERV_SoP_acc": 0.0, "attr_acc_ep1_cor": 0.3845675171126322, "attr_acc_ep2_cor": 0.41848164281269445, "attr_acc_ep3_cor": 0.4131922837585563, "attr_acc": 0.41848164796829224, "obj_acc": 0.8444306254386902}, "test": {"closed_attr_match": 0.4210706949234009, "closed_obj_match": 0.7762525677680969, "closed_match": 0.36856555938720703, "closed_seen_match": 0.0, "closed_unseen_match": 0.5679534673690796, "closed_ca": 2.0, "closed_seen_ca": 1.0, "closed_unseen_ca": 1.0, "closed_ub_attr_match": 0.4921070635318756, "closed_ub_obj_match": 0.7330130338668823, "closed_ub_match": 0.34214138984680176, "closed_ub_seen_match": 0.6422287225723267, "closed_ub_unseen_match": 0.17979905009269714, "closed_ub_ca": 2.0, "closed_ub_seen_ca": 1.0, "closed_ub_unseen_ca": 1.0, "biasterm": 1.421774983406067, "best_unseen": 0.5679534673690796, "best_seen": 0.6539589166641235, "AUC": 0.27682963440586866, "hm_unseen": 0.36435747146606445, "hm_seen": 0.5043988227844238, "best_hm": 0.4230909885694653, "attr_acc_simple_voting_acc_123": 0.4838709677419355, "attr_acc_simple_voting_acc_12": 0.4921070693205216, "attr_acc_simple_voting_acc_13": 0.4838709677419355, "attr_acc_simple_voting_acc_23": 0.4838709677419355, "attr_acc_weighted_voting_acc_123": 0.4838709677419355, "attr_acc_weighted_voting_acc_12": 0.4921070693205216, "attr_acc_weighted_voting_acc_13": 0.5099519560741249, "attr_acc_weighted_voting_acc_23": 0.4838709677419355, "attr_acc_uce_ep1": 0.07018550485372543, "attr_acc_uce_ep2": 0.11990869045257568, "attr_acc_uce_ep3": 0.10583015531301498, "FDR_expert1": 0.45869076950957194, "FDR_expert2": 0.48045295912322805, "FDR_expert3": 0.48221716741017917, "FOR_expert1": 0.07495661650320774, "FOR_expert2": 0.07742857128138651, "FOR_expert3": 0.07943246345708452, "attr_acc_f1_expert1": 0.2624672079413376, "attr_acc_f1_expert2": 0.27526010898721887, "attr_acc_f1_expert3": 0.27300341802298844, "attr_acc_POE_acc_123": 0.5048043925875085, "attr_acc_POE_acc_12": 0.5044612216884008, "attr_acc_POE_acc_13": 0.5041180507892931, "attr_acc_POE_acc_23": 0.4931365820178449, "attr_acc_SOE_acc_123": 0.5037748798901853, "attr_acc_SOE_acc_12": 0.5068634179821551, "attr_acc_SOE_acc_13": 0.5078929306794784, "attr_acc_SOE_acc_23": 0.4917638984214139, "attr_acc_table_acc_ep12": 0.5089224433768016, "attr_acc_table_acc_ep23": 0.4907343857240906, "attr_acc_table_acc_ep13": 0.5109814687714482, "attr_acc_tabel_acc_ep123": 0.5099519560741249, "MOM_acc": 0.5116678105696637, "ERV_SoP_acc": 0.5106382978723404, "attr_acc_ep1_cor": 0.4931365820178449, "attr_acc_ep2_cor": 0.4921070693205216, "attr_acc_ep3_cor": 0.4838709677419355, "attr_acc": 0.4921070635318756, "obj_acc": 0.7330130338668823}, "best_threshold": 0.4}