component_name,total,good,bad,overkill,leakage,unknown,overkill_rate,leakage_rate,unknown_rate
1.0,21305,15000,6305,203,0,14890,0.00953,0.0,0.6989
16.0,11284,11284,0,106,0,11177,0.00939,0.0,0.99052
6.0,10000,10000,0,0,0,29,0.0,0.0,0.0029
5.0,6300,6300,0,0,0,95,0.0,0.0,0.01508
11.0,5480,5480,0,0,0,62,0.0,0.0,0.01131
17.0,4170,4170,0,0,0,4170,0.0,0.0,1.0
3.0,2752,2752,0,0,0,109,0.0,0.0,0.03961
10.0,840,840,0,0,0,16,0.0,0.0,0.01905
,62131,55826,6305,309,0,30548,0.00497,0.0,0.49167
