component_name,total,good,bad,overkill,leakage,unknown,overkill_rate,leakage_rate,unknown_rate
1.0,21315,15000,6315,820,0,0,0.03847,0.0,0.0
16.0,11284,11284,0,27,0,0,0.00239,0.0,0.0
6.0,10000,10000,0,12,0,0,0.0012,0.0,0.0
5.0,6300,6300,0,0,0,0,0.0,0.0,0.0
11.0,5480,5480,0,461,0,0,0.08412,0.0,0.0
17.0,4170,4170,0,0,0,0,0.0,0.0,0.0
3.0,1528,1528,0,13,0,0,0.00851,0.0,0.0
10.0,1511,1511,0,4,0,0,0.00265,0.0,0.0
,61588,55273,6315,1337,0,0,0.02171,0.0,0.0
