component_name,total,good,bad,overkill,leakage,unknown,overkill_rate,leakage_rate,unknown_rate
1.0,21305,15000,6305,14981,1,106,0.70317,5e-05,0.00498
16.0,11284,11284,0,11247,0,36,0.99672,0.0,0.00319
6.0,10000,10000,0,2,0,4,0.0002,0.0,0.0004
5.0,6300,6300,0,0,0,0,0.0,0.0,0.0
11.0,5480,5480,0,0,0,0,0.0,0.0,0.0
17.0,4170,4170,0,4170,0,0,1.0,0.0,0.0
3.0,2752,2752,0,0,0,0,0.0,0.0,0.0
10.0,840,840,0,1,0,8,0.00119,0.0,0.00952
,62131,55826,6305,30401,1,154,0.4893,2e-05,0.00248
