component_name,total,good,bad,overkill,leakage,unknown,overkill_rate,leakage_rate,unknown_rate
1.0,21315,15000,6315,818,0,14182,0.03838,0.0,0.66535
16.0,11284,11284,0,27,0,11255,0.00239,0.0,0.99743
6.0,10000,10000,0,0,0,1527,0.0,0.0,0.1527
5.0,6300,6300,0,0,0,3,0.0,0.0,0.00048
11.0,5480,5480,0,0,0,461,0.0,0.0,0.08412
17.0,4170,4170,0,0,0,4170,0.0,0.0,1.0
3.0,1528,1528,0,0,0,13,0.0,0.0,0.00851
10.0,1511,1511,0,0,0,4,0.0,0.0,0.00265
,61588,55273,6315,845,0,31615,0.01372,0.0,0.51333
