component_name,total,good,bad,overkill,leakage,unknown,overkill_rate,leakage_rate,unknown_rate
1.0,21305,15000,6305,206,3,0,0.00967,0.00014,0.0
16.0,11284,11284,0,106,0,0,0.00939,0.0,0.0
6.0,10000,10000,0,23,0,0,0.0023,0.0,0.0
5.0,6300,6300,0,95,0,0,0.01508,0.0,0.0
11.0,5480,5480,0,62,0,0,0.01131,0.0,0.0
17.0,4170,4170,0,0,0,0,0.0,0.0,0.0
3.0,2752,2752,0,109,0,0,0.03961,0.0,0.0
10.0,840,840,0,7,0,0,0.00833,0.0,0.0
,62131,55826,6305,608,3,0,0.00979,5e-05,0.0
