component_name,total,good,bad,overkill,leakage,unknown,overkill_rate,leakage_rate,unknown_rate
1.0,21315,15000,6315,14997,0,1,0.70359,0.0,5e-05
16.0,11284,11284,0,11269,0,13,0.99867,0.0,0.00115
6.0,10000,10000,0,2,0,1525,0.0002,0.0,0.1525
5.0,6300,6300,0,0,0,3,0.0,0.0,0.00048
11.0,5480,5480,0,0,0,0,0.0,0.0,0.0
17.0,4170,4170,0,4170,0,0,1.0,0.0,0.0
3.0,1528,1528,0,0,0,0,0.0,0.0,0.0
10.0,1511,1511,0,0,0,2,0.0,0.0,0.00132
,61588,55273,6315,30438,0,1544,0.49422,0.0,0.02507
