component_name,total,good,shift,broke,overkill0,leakage0,overkill1,leakage1,overkill2,leakage2,overkill3,leakage3,overkill4,leakage4,overkill5,leakage5,unknown,overkill0_rate,leakage0_rate,overkill1_rate,leakage1_rate,overkill2_rate,leakage2_rate,overkill3_rate,leakage3_rate,overkill4_rate,leakage4_rate,overkill5_rate,leakage5_rate,unknown_rate
1.0,13065,10867,1142.0,1056.0,3,4,0,0,4,0,0,0,0,1,0,2,0,0.02296%,0.03062%,0.0%,0.0%,0.03062%,0.0%,0.0%,0.0%,0.0%,0.00765%,0.0%,0.01531%,
6.0,3702,3444,117.0,141.0,0,181,0,0,74,0,0,0,107,0,0,0,0,0.0%,4.88925%,0.0%,0.0%,1.99892%,0.0%,0.0%,0.0%,2.89033%,0.0%,0.0%,0.0%,
16.0,1257,1153,53.0,51.0,0,0,0,0,0,0,0,0,0,0,0,0,0,0.0%,0.0%,0.0%,0.0%,0.0%,0.0%,0.0%,0.0%,0.0%,0.0%,0.0%,0.0%,
5.0,630,611,8.0,11.0,0,0,0,0,0,0,0,0,0,0,0,0,0,0.0%,0.0%,0.0%,0.0%,0.0%,0.0%,0.0%,0.0%,0.0%,0.0%,0.0%,0.0%,
11.0,609,548,30.0,31.0,0,0,0,0,0,0,0,0,0,0,0,0,0,0.0%,0.0%,0.0%,0.0%,0.0%,0.0%,0.0%,0.0%,0.0%,0.0%,0.0%,0.0%,
17.0,464,414,31.0,19.0,0,50,0,0,31,0,0,0,19,0,0,0,0,0.0%,10.77586%,0.0%,0.0%,6.68103%,0.0%,0.0%,0.0%,4.09483%,0.0%,0.0%,0.0%,
3.0,305,279,20.0,6.0,0,7,0,0,7,0,0,0,0,0,0,0,0,0.0%,2.29508%,0.0%,0.0%,2.29508%,0.0%,0.0%,0.0%,0.0%,0.0%,0.0%,0.0%,
10.0,168,107,49.0,12.0,0,0,0,0,0,0,0,0,0,0,0,0,0,0.0%,0.0%,0.0%,0.0%,0.0%,0.0%,0.0%,0.0%,0.0%,0.0%,0.0%,0.0%,
,20200,17423,,,3,242,0,0,116,0,0,0,126,1,0,2,0,0.01485%,1.19802%,0.0%,0.0%,0.57426%,0.0%,0.0%,0.0%,0.62376%,0.00495%,0.0%,0.0099%,0.0%
