component_name,total,good,shift,broke,overkill0,leakage0,overkill1,leakage1,overkill2,leakage2,overkill3,leakage3,overkill4,leakage4,overkill5,leakage5,unknown,overkill0_rate,leakage0_rate,overkill1_rate,leakage1_rate,overkill2_rate,leakage2_rate,overkill3_rate,leakage3_rate,overkill4_rate,leakage4_rate,overkill5_rate,leakage5_rate,unknown_rate
1.0,13065,11008,1060.0,997.0,7,1,0,0,1,2,0,0,1,2,0,4,0,0.05358%,0.00765%,0.0%,0.0%,0.00765%,0.01531%,0.0%,0.0%,0.00765%,0.01531%,0.0%,0.03062%,
6.0,3702,3405,141.0,156.0,0,146,0,0,74,7,0,0,79,0,0,0,0,0.0%,3.94381%,0.0%,0.0%,1.99892%,0.18909%,0.0%,0.0%,2.13398%,0.0%,0.0%,0.0%,
16.0,1257,1149,61.0,47.0,0,0,0,0,0,0,0,0,0,0,0,0,0,0.0%,0.0%,0.0%,0.0%,0.0%,0.0%,0.0%,0.0%,0.0%,0.0%,0.0%,0.0%,
5.0,630,602,6.0,22.0,0,0,0,0,0,0,0,0,0,0,0,0,0,0.0%,0.0%,0.0%,0.0%,0.0%,0.0%,0.0%,0.0%,0.0%,0.0%,0.0%,0.0%,
11.0,609,542,33.0,34.0,0,0,0,0,0,0,0,0,0,0,0,0,0,0.0%,0.0%,0.0%,0.0%,0.0%,0.0%,0.0%,0.0%,0.0%,0.0%,0.0%,0.0%,
17.0,464,412,41.0,11.0,0,52,0,0,41,0,0,0,11,0,0,0,0,0.0%,11.2069%,0.0%,0.0%,8.83621%,0.0%,0.0%,0.0%,2.37069%,0.0%,0.0%,0.0%,
3.0,305,279,19.0,7.0,0,19,0,0,17,0,0,0,4,0,0,2,0,0.0%,6.22951%,0.0%,0.0%,5.57377%,0.0%,0.0%,0.0%,1.31148%,0.0%,0.0%,0.65574%,
10.0,168,100,52.0,16.0,0,16,0,0,5,0,0,0,16,0,0,5,0,0.0%,9.52381%,0.0%,0.0%,2.97619%,0.0%,0.0%,0.0%,9.52381%,0.0%,0.0%,2.97619%,
,20200,17497,,,7,234,0,0,138,9,0,0,111,2,0,11,0,0.03465%,1.15842%,0.0%,0.0%,0.68317%,0.04455%,0.0%,0.0%,0.5495%,0.0099%,0.0%,0.05446%,0.0%
